EPTBlo,EPTBhi,INF1014
1.01043717355877,1.01109942170328,0.981320165188685
