EPTBlo,EPTBhi,INF1014
1.01052294193514,1.01325047873048,0.963524348686266
